{
    "available_space": true,
    "size_max": 34.062456130981445,
    "size_mean": 10.549799619402204,
    "size_min": 2.2421350479125977,
    "total_size": 369.24298667907715,
    "video_list": {
        "U2  - First TV appearance on RTE 1978-oMHy_edKyxo.mp4": {
            "size": 9.992615699768066
        },
        "U2 - I FALL DOWN - October (1981) HiDef  - - SOTW #141-r4AyW6IpzyA.mp4": {
            "size": 7.08609676361084
        },
        "U2 - Love Is Bigger Than Anything In Its Way-Ki5keBCz8DQ.mp4": {
            "size": 14.867372512817383
        },
        "U2 - Rejoice (Vinyl, LP)-p9dOz7CManY.mp4": {
            "size": 4.05912971496582
        },
        "U2 - Scarlet-WbrFnZ80748.mp4": {
            "size": 10.725458145141602
        },
        "U2 - Three  1979 (Full EP).mp4": {
            "size": 17.29551601409912
        },
        "U2 - Tomorrow-_tH8jOP98C0.mp4": {
            "size": 11.983980178833008
        },
        "U2 - With a Shout (Jerusalem) [Richard Skinner BBC Live, September 1981]-7jM1dMtbH3M.mp4": {
            "size": 4.385368347167969
        },
        "U2 Gloria-61rvprZBiIg.mp4": {
            "size": 7.567742347717285
        },
        "U2-Fire (October)-1UPBMTpDSP8.mp4": {
            "size": 6.4677581787109375
        },
        "USA For Africa - We Are The World (HQ official Video)-s3wNuru4U0I.mp4": {
            "size": 34.062456130981445
        },
        "Ugly Kid Joe - Cats In The Cradle (Official Video)-B32yjbCSVpU.mp4": {
            "size": 11.215716361999512
        },
        "Un Angel No Debe Llorar-rBSHxipRpH8.mp4": {
            "size": 3.7889299392700195
        },
        "Un Mal Paso-3eoSOnpozNA.mp4": {
            "size": 5.401124000549316
        },
        "Un Perro Como Tu-kHa-KzfLTxM.mp4": {
            "size": 3.8965635299682617
        },
        "Un Preso Mas-pEIXv9H0HQA.mp4": {
            "size": 7.56429386138916
        },
        "Un pedazo de canci\u00f3n-7bYS8k1uaZs.mp4": {
            "size": 9.008328437805176
        },
        "Una Lagrima y un Recuerdo-hMFXkDoSaqI.mp4": {
            "size": 3.127528190612793
        },
        "Una parte de m\u00ed-bAZ4bRg-gVE.mp4": {
            "size": 5.585138320922852
        },
        "Unchained Melody ~ The Browns (1959)-9QK8eIBztWM.mp4": {
            "size": 5.578797340393066
        },
        "UnderOATH - A Message for Adrienne-FciEKBQfHjg.mp4": {
            "size": 7.345707893371582
        },
        "UnderOath - A Love So Pure-EUDPo21Bdd4.mp4": {
            "size": 27.166961669921875
        },
        "UnderOath - Cries Of The Past-gQvusP-w5TU.mp4": {
            "size": 11.058502197265625
        },
        "UnderOath - The Last-J82lPsWA1v4.mp4": {
            "size": 10.517258644104004
        },
        "UnderOath - Walking Away-MmPZ3gmT6hA.mp4": {
            "size": 10.484475135803223
        },
        "UnderOath-'Alone In December'-gBheSBouGMI.mp4": {
            "size": 6.0431365966796875
        },
        "Underoath - A Boy Brushed Red Living In Black and White (Live from The Observatory)-TPxt_5lpBKU.mp4": {
            "size": 23.35461711883545
        },
        "Underoath - And I Dreamt of You (Full Length)-gW6BzNvqtE0.mp4": {
            "size": 12.260943412780762
        },
        "Underoath - When The Sun Sleeps-_aZus_-1MFI.mp4": {
            "size": 24.598660469055176
        },
        "Underwater Visions-U2BVFWtlwWk.mp4": {
            "size": 7.272530555725098
        },
        "Untitled Melody-zc5ppYQNQFg.mp4": {
            "size": 2.2421350479125977
        },
        "Un\u00edsono (Official Video)-FOtq-v8KRqQ.mp4": {
            "size": 11.530308723449707
        },
        "u2 - stranger in a strange land (audio)-JDwB2dLnf2o.mp4": {
            "size": 6.097503662109375
        },
        "una botella (2)-KuffcFYK0cw.mp4": {
            "size": 7.316672325134277
        },
        "underOath - Giving Up Hurts The Most (Lyrics)-vR4fIup2sY4.mp4": {
            "size": 18.293659210205078
        }
    }
}