{
    "available_space": true,
    "id": "u",
    "size_max": 34.062456130981445,
    "size_mean": 10.549799619402204,
    "size_min": 2.2421350479125977,
    "total_size": 369.24298667907715
}